begin
insert into qp$_person (ID, EMAIL, FULLNAME, PAPER#, PHONE, COUNTRYISO, PAPER_CTYPE, PAPER_CNUMBER, PAPER_SERIALNUMBER, PAPER_ISSUER, PAPER_ISSUEDATE, PAPER_ISSUECITY, REGISTRATION, PAPER_ISSUERCODE, AGENT_PAYER, PERSON_TYPE, PAPER_EXPIRE_DATE, LASTNAME_LENGTH, FIRSTNAME_LENGTH, REGADDRESS, REGCOUNTRY, REGCITY, BIRTHDATE, CARD, REGADDRESS_ID, REGADDRESSLINE1_LENGTH, POSTALCODE, GENDER_ID)
values (546689495, null, 'ИВАНОВ КОНСТАНТИН', null, '+73213211111', 'XXX', null, null, null, null, null, null, null, null, null, 8, null, 6, 10, null, null, null, null, null, null, null, null, null);

insert into qp$_person (ID, EMAIL, FULLNAME, PAPER#, PHONE, COUNTRYISO, PAPER_CTYPE, PAPER_CNUMBER, PAPER_SERIALNUMBER, PAPER_ISSUER, PAPER_ISSUEDATE, PAPER_ISSUECITY, REGISTRATION, PAPER_ISSUERCODE, AGENT_PAYER, PERSON_TYPE, PAPER_EXPIRE_DATE, LASTNAME_LENGTH, FIRSTNAME_LENGTH, REGADDRESS, REGCOUNTRY, REGCITY, BIRTHDATE, CARD, REGADDRESS_ID, REGADDRESSLINE1_LENGTH, POSTALCODE, GENDER_ID)
values (546689497, null, 'КИРГИЗ КИГУРЛИ', null, '+74324321111', 'XXX', null, null, null, null, null, null, null, null, null, 8, null, 6, 7, null, null, null, null, null, null, null, null, null);

insert into qp$_person (ID, EMAIL, FULLNAME, PAPER#, PHONE, COUNTRYISO, PAPER_CTYPE, PAPER_CNUMBER, PAPER_SERIALNUMBER, PAPER_ISSUER, PAPER_ISSUEDATE, PAPER_ISSUECITY, REGISTRATION, PAPER_ISSUERCODE, AGENT_PAYER, PERSON_TYPE, PAPER_EXPIRE_DATE, LASTNAME_LENGTH, FIRSTNAME_LENGTH, REGADDRESS, REGCOUNTRY, REGCITY, BIRTHDATE, CARD, REGADDRESS_ID, REGADDRESSLINE1_LENGTH, POSTALCODE, GENDER_ID)
values (546689494, null, 'Перевод по карте **1810', null, '+74324321111', 'XXX', null, null, null, null, null, null, null, null, 'CRD2CSH', 0, null, null, null, null, null, null, null, null, null, null, null, null);

insert into qp$_person (ID, EMAIL, FULLNAME, PAPER#, PHONE, COUNTRYISO, PAPER_CTYPE, PAPER_CNUMBER, PAPER_SERIALNUMBER, PAPER_ISSUER, PAPER_ISSUEDATE, PAPER_ISSUECITY, REGISTRATION, PAPER_ISSUERCODE, AGENT_PAYER, PERSON_TYPE, PAPER_EXPIRE_DATE, LASTNAME_LENGTH, FIRSTNAME_LENGTH, REGADDRESS, REGCOUNTRY, REGCITY, BIRTHDATE, CARD, REGADDRESS_ID, REGADDRESSLINE1_LENGTH, POSTALCODE, GENDER_ID)
values (546689496, null, 'ИВАНОВ КОНСТАНТИН', null, '+73213211111', 'XXX', null, null, null, null, null, null, null, null, 'CRD2CSH', 0, null, 6, 10, null, null, null, to_date('12-12-1990', 'dd-mm-yyyy'), null, null, null, null, null);

insert into qp$_transfer (UIN, DTIME, MONEY, CUR, STATUS, NOT_AFTER, AGENT_PAYER, PAYER, AGENT_PAYEE, PAYEE, REAL_PAYEE, CCOM, TCOM, FCOM, COMCUR, MESSAGE, DB_PAYDOCID, DB_PAYDOCDATE, CR_PAYDOCID, CR_PAYDOCDATE, OPERATOR_ID, WTIME, RTIME, PTYPE, MCOM, CONTROL_QUESTION, CONTROL_ANSWER, LIMITS_PAYER, LIMITS_PAYEE, BANK_PAYER, DIRECTION_PAYEE, COUNTRY_ISO, NTIME, BANK_PAYEE, CITYID_PAYEE, PAYER_RESIDENT, PAYEE_RESIDENT, EXCHANGE_RATE, DST_CUR, DST_COMCUR, DST_AMOUNT, DST_FCOM, DST_CCOM, DST_MCOM, DST_TCOM, NOPERATOR_ID, ROPERATOR_ID, PAYER_CARD, OID, OUTER_SYSTEM, STAN, CASHIN_ID, PAYEE_CARD, TR_OPTION, SOPERATOR_ID, FCONTROL0, ACTION_ID, REF_NUM)
values (1250590303, to_date('12-11-2019 13:45:59', 'dd-mm-yyyy hh24:mi:ss'), 79312, '810', 7, to_date('11-11-2022 13:45:59', 'dd-mm-yyyy hh24:mi:ss'), 'CRD2CSH', 546689496, 'KGZ2CR1', 546689497, 546689498, 0, 5000, 0, null, null, '1', to_date('12-11-2019 13:45:59', 'dd-mm-yyyy hh24:mi:ss'), null, null, 2046, to_date('12-11-2019 13:48:27', 'dd-mm-yyyy hh24:mi:ss'), to_date('12-11-2019 13:48:26', 'dd-mm-yyyy hh24:mi:ss'), 'N', 0, null, null, null, null, 'CRD2CSH', 'QP$_KGZ', 'KGZ', to_date('12-11-2019 13:45:59', 'dd-mm-yyyy hh24:mi:ss'), 'KGZ2CR1', 175, '1', null, 0.01443468, '417', null, 83100, 0, 0, 0, 249, 26514, 2046, null, null, null, null, null, null, 35651584, 26514, 0, null, 470145119);

insert into qp$_transfer (UIN, DTIME, MONEY, CUR, STATUS, NOT_AFTER, AGENT_PAYER, PAYER, AGENT_PAYEE, PAYEE, REAL_PAYEE, CCOM, TCOM, FCOM, COMCUR, MESSAGE, DB_PAYDOCID, DB_PAYDOCDATE, CR_PAYDOCID, CR_PAYDOCDATE, OPERATOR_ID, WTIME, RTIME, PTYPE, MCOM, CONTROL_QUESTION, CONTROL_ANSWER, LIMITS_PAYER, LIMITS_PAYEE, BANK_PAYER, DIRECTION_PAYEE, COUNTRY_ISO, NTIME, BANK_PAYEE, CITYID_PAYEE, PAYER_RESIDENT, PAYEE_RESIDENT, EXCHANGE_RATE, DST_CUR, DST_COMCUR, DST_AMOUNT, DST_FCOM, DST_CCOM, DST_MCOM, DST_TCOM, NOPERATOR_ID, ROPERATOR_ID, PAYER_CARD, OID, OUTER_SYSTEM, STAN, CASHIN_ID, PAYEE_CARD, TR_OPTION, SOPERATOR_ID, FCONTROL0, ACTION_ID, REF_NUM)
values (1250590302, to_date('12-11-2019 13:43:12', 'dd-mm-yyyy hh24:mi:ss'), 12300, '810', 4, to_date('11-11-2022 13:43:12', 'dd-mm-yyyy hh24:mi:ss'), 'CRD2CSH', 546689494, null, 546689495, null, 0, 5000, 0, null, null, '1', to_date('12-11-2019 13:43:12', 'dd-mm-yyyy hh24:mi:ss'), null, null, 26514, to_date('12-11-2019 13:43:13', 'dd-mm-yyyy hh24:mi:ss'), null, 'N', 0, null, null, null, null, 'CRD2CSH', 'QP$_RUS', 'RUS', to_date('12-11-2019 13:43:12', 'dd-mm-yyyy hh24:mi:ss'), null, 59, '1', null, null, null, null, null, null, null, null, null, 26514, null, null, null, null, null, null, null, null, 26514, 0, null, 956758843);

insert into qp$_transfer_data (UIN, TCOM_ON_SEND, CCOM_ON_SEND, EXCHANGE_RATE_ON_SEND, DST_CUR_ON_SEND, DST_COMCUR_ON_SEND, DST_AMOUNT, DST_FCOM_ON_SEND, DST_TCOM_ON_SEND, DST_CCOM_ON_SEND, DST_MCOM_ON_SEND, CLCOM, DST_CLCOM, OKCCOM, OKC_OUTCOM, OKC_TCOM, TRF_ID_FCOM_ON_SEND, TRF_ID_TCOM_ON_SEND, TRF_ID_CCOM_ON_SEND, TRF_ID_MCOM_ON_SEND, TRF_ID_CLCOM_ON_SEND, TRF_ID_TCOM_ON_RCV, MONEY, CUR_ON_SEND, FCOM_ON_SEND, MCOM_ON_SEND, TRANSACT_ID, CALC_COMISS_OUTER_SYSTEM, CUR_DM_ID_SEND, CUR_RATES_ID_SEND, CUR_RATES_KN_COEF_SEND, CUR_DM_ID_RECEIVE, CUR_RATES_ID_RECEIVE, CUR_RATES_KN_COEF_RECEIVE, PO_TYPE, CUR_CLIENT_CATEG_PAYER, CUR_CLIENT_CATEG_PAYEE, CONSUMER_CREDIT_LAW, AGENT_TRF_PLAN_ON_SEND, BASE_TARIFF_ON_SEND, IND_TARIFF_ON_SEND, AGENT_TRF_PLAN_ON_RECEIVE, BASE_TARIFF_ON_RECEIVE, IND_TARIFF_ON_RECEIVE, PREP_FEE_UIN, CUR_RATES_FIXED_ID_SEND, CUR_RATES_FIXED_ID_RECEIVE, PRODUCT_ID, CREDIT_BANK_ID, PAYEE_COM, TRF_ID_PAYEECOM_ON_RCV, AGENT_TRF_PLAN_ON_RCV_PRECALC, BASE_TARIFF_ON_RCV_PRECALC, IND_TARIFF_ON_RCV_PRECALC, UUID_ON_SEND, UUID_ON_RECEIVE, EXT_TARIFF_ON_RCV_PRECALC, DELAYED_RCV_IS_CONFIRMED, ARM_SEND_SCHEME, PAYMENT_PURPOSE_CODE)
values (1250590303, 5000, 0, 66.0934, '840', '840', 1200, 0, 76, 0, 0, null, null, null, null, null, 818580746, 818580749, null, null, null, 782336242, 79312, '810', 0, 0, null, null, 3541, 244655, null, null, 218297, null, null, null, null, null, null, null, null, null, null, null, null, 49891516, null, null, null, null, null, null, null, null, 'c1043b53-90dc-424b-96cb-ece8751face6', null, null, null, null, null);

insert into qp$_transfer_data (UIN, TCOM_ON_SEND, CCOM_ON_SEND, EXCHANGE_RATE_ON_SEND, DST_CUR_ON_SEND, DST_COMCUR_ON_SEND, DST_AMOUNT, DST_FCOM_ON_SEND, DST_TCOM_ON_SEND, DST_CCOM_ON_SEND, DST_MCOM_ON_SEND, CLCOM, DST_CLCOM, OKCCOM, OKC_OUTCOM, OKC_TCOM, TRF_ID_FCOM_ON_SEND, TRF_ID_TCOM_ON_SEND, TRF_ID_CCOM_ON_SEND, TRF_ID_MCOM_ON_SEND, TRF_ID_CLCOM_ON_SEND, TRF_ID_TCOM_ON_RCV, MONEY, CUR_ON_SEND, FCOM_ON_SEND, MCOM_ON_SEND, TRANSACT_ID, CALC_COMISS_OUTER_SYSTEM, CUR_DM_ID_SEND, CUR_RATES_ID_SEND, CUR_RATES_KN_COEF_SEND, CUR_DM_ID_RECEIVE, CUR_RATES_ID_RECEIVE, CUR_RATES_KN_COEF_RECEIVE, PO_TYPE, CUR_CLIENT_CATEG_PAYER, CUR_CLIENT_CATEG_PAYEE, CONSUMER_CREDIT_LAW, AGENT_TRF_PLAN_ON_SEND, BASE_TARIFF_ON_SEND, IND_TARIFF_ON_SEND, AGENT_TRF_PLAN_ON_RECEIVE, BASE_TARIFF_ON_RECEIVE, IND_TARIFF_ON_RECEIVE, PREP_FEE_UIN, CUR_RATES_FIXED_ID_SEND, CUR_RATES_FIXED_ID_RECEIVE, PRODUCT_ID, CREDIT_BANK_ID, PAYEE_COM, TRF_ID_PAYEECOM_ON_RCV, AGENT_TRF_PLAN_ON_RCV_PRECALC, BASE_TARIFF_ON_RCV_PRECALC, IND_TARIFF_ON_RCV_PRECALC, UUID_ON_SEND, UUID_ON_RECEIVE, EXT_TARIFF_ON_RCV_PRECALC, DELAYED_RCV_IS_CONFIRMED, ARM_SEND_SCHEME, PAYMENT_PURPOSE_CODE)
values (1250590302, 5000, 0, null, null, null, null, null, null, null, null, null, null, null, null, null, 818831823, 818831825, 69535846, null, null, null, 12300, '810', 0, 0, null, null, null, null, null, null, null, null, null, null, null, null, null, null, null, null, null, null, null, null, null, null, null, null, null, null, null, null, null, null, null, null, null, null);

insert into qp$_doc_pay (DOC_NUM, UIN, DB_ORG, CR_ORG, DTYPE, W_TIME, STATUS, CUR, MONEY, ADD_INFO, IFMTYPE, FUNDS_RESERVED, NEXT_DATE, DB_DOC_DATE, CR_DOC_DATE, TX_ID, RNKO_REE_NUM, RNKO_DOC_NUM, REE_NUM, DB_BIN, DST_CUR, DST_MONEY, EXCHANGE_RATE, DOC_SCENARIO_ID)
values (1223271876, 1250590303, 'CRD2CSH', 'A000000', 'P', to_date('12-11-2019 13:45:59', 'dd-mm-yyyy hh24:mi:ss'), 'T', '810', 79312, '|CT6:INCCPR|KN2:70|DT10:12/11/2019|CS3:RUS|CR3:KGZ|RS3:RUS|PO3:VIS|WS7:CRD2CSH|EE', 'QC', 0, to_date('12-11-2019 13:45:59', 'dd-mm-yyyy hh24:mi:ss'), null, null, 711115027, null, null, 1223271854, null, '840', 1200, '66.0934', 1022);

insert into qp$_doc_pay (DOC_NUM, UIN, DB_ORG, CR_ORG, DTYPE, W_TIME, STATUS, CUR, MONEY, ADD_INFO, IFMTYPE, FUNDS_RESERVED, NEXT_DATE, DB_DOC_DATE, CR_DOC_DATE, TX_ID, RNKO_REE_NUM, RNKO_DOC_NUM, REE_NUM, DB_BIN, DST_CUR, DST_MONEY, EXCHANGE_RATE, DOC_SCENARIO_ID)
values (1223271877, 1250590303, 'CRD2CSH', 'AG00000', 'C', to_date('12-11-2019 13:45:59', 'dd-mm-yyyy hh24:mi:ss'), 'T', '810', 5000, '|CT6:INCCKN|KN2:45|DT10:12/11/2019|CS3:RUS|CR3:KGZ|RS3:RUS|PO3:VIS|EE', 'Q', 0, to_date('12-11-2019 13:45:59', 'dd-mm-yyyy hh24:mi:ss'), null, null, 711115027, null, null, 1223271062, null, null, null, null, 1022);

insert into qp$_doc_pay (DOC_NUM, UIN, DB_ORG, CR_ORG, DTYPE, W_TIME, STATUS, CUR, MONEY, ADD_INFO, IFMTYPE, FUNDS_RESERVED, NEXT_DATE, DB_DOC_DATE, CR_DOC_DATE, TX_ID, RNKO_REE_NUM, RNKO_DOC_NUM, REE_NUM, DB_BIN, DST_CUR, DST_MONEY, EXCHANGE_RATE, DOC_SCENARIO_ID)
values (1223271878, 1250590303, 'A000000', 'ZKP2CRD', 'P', to_date('12-11-2019 13:48:27', 'dd-mm-yyyy hh24:mi:ss'), 'T', '840', 1200, '|CT6:OUORPR|KN3:850|CS3:RUS|CR3:KGZ|RS3:RUS|RR3:FAR|PR7:CRD2CSH|SY3:MPS|OR7:ST00111|PT1:O|EE', 'QC', 0, to_date('12-11-2019 13:48:26', 'dd-mm-yyyy hh24:mi:ss'), null, null, null, null, null, 1223271879, 'CRD2CSH', '417', 83100, '69.278', 2020);

insert into qp$_doc_pay (DOC_NUM, UIN, DB_ORG, CR_ORG, DTYPE, W_TIME, STATUS, CUR, MONEY, ADD_INFO, IFMTYPE, FUNDS_RESERVED, NEXT_DATE, DB_DOC_DATE, CR_DOC_DATE, TX_ID, RNKO_REE_NUM, RNKO_DOC_NUM, REE_NUM, DB_BIN, DST_CUR, DST_MONEY, EXCHANGE_RATE, DOC_SCENARIO_ID)
values (1223271880, 1250590303, 'AG00000', 'ZKP2CRD', 'C', to_date('12-11-2019 13:48:27', 'dd-mm-yyyy hh24:mi:ss'), 'T', '417', 249, '|CT6:OUORKR|KN3:851|CS3:RUS|CR3:KGZ|RS3:RUS|RR3:FAR|SY3:MPS|OR7:ST00111|NF10:1223271879|DF8:13/11/19|PT1:O|EE', 'Q', 0, to_date('12-11-2019 13:48:27', 'dd-mm-yyyy hh24:mi:ss'), null, null, null, null, null, 1223271881, 'CRD2CSH', null, null, null, 2020);

insert into qp$_doc_pay (DOC_NUM, UIN, DB_ORG, CR_ORG, DTYPE, W_TIME, STATUS, CUR, MONEY, ADD_INFO, IFMTYPE, FUNDS_RESERVED, NEXT_DATE, DB_DOC_DATE, CR_DOC_DATE, TX_ID, RNKO_REE_NUM, RNKO_DOC_NUM, REE_NUM, DB_BIN, DST_CUR, DST_MONEY, EXCHANGE_RATE, DOC_SCENARIO_ID)
values (1223271874, 1250590302, 'CRD2CSH', 'A000000', 'P', to_date('12-11-2019 13:43:13', 'dd-mm-yyyy hh24:mi:ss'), 'T', '810', 12300, '|CT6:INCCPR|KN2:70|DT10:12/11/2019|CS3:RUS|CR3:RUS|RS3:RUS|PO3:VIS|WS7:CRD2CSH|EE', 'QC', 0, to_date('12-11-2019 13:43:13', 'dd-mm-yyyy hh24:mi:ss'), null, null, 711115026, null, null, 1223271060, null, null, null, null, 1022);

insert into qp$_doc_pay (DOC_NUM, UIN, DB_ORG, CR_ORG, DTYPE, W_TIME, STATUS, CUR, MONEY, ADD_INFO, IFMTYPE, FUNDS_RESERVED, NEXT_DATE, DB_DOC_DATE, CR_DOC_DATE, TX_ID, RNKO_REE_NUM, RNKO_DOC_NUM, REE_NUM, DB_BIN, DST_CUR, DST_MONEY, EXCHANGE_RATE, DOC_SCENARIO_ID)
values (1223271875, 1250590302, 'CRD2CSH', 'AG00000', 'C', to_date('12-11-2019 13:43:13', 'dd-mm-yyyy hh24:mi:ss'), 'T', '810', 5000, '|CT6:INCCKN|KN2:45|DT10:12/11/2019|CS3:RUS|CR3:RUS|RS3:RUS|PO3:VIS|EE', 'Q', 0, to_date('12-11-2019 13:43:13', 'dd-mm-yyyy hh24:mi:ss'), null, null, 711115026, null, null, 1223271062, null, null, null, null, 1022);

insert into qp$_ree_pay (REE_NUM, DB_ORG, CR_ORG, DTYPE, W_TIME, MONEY, CUR, STATUS, ASSIGN, DB_DOC_DATE, CR_DOC_DATE, DST_MONEY, DST_CUR, EXCHANGE_RATE, ADD_INFO, DB_BIN, DB_DOC_NUM, CR_DOC_NUM, FUNDS_RESERVED, END_REE_TIME, TX_CNT, BEGIN_REE_TIME, SUB_REE_NUM, LIMIT_ID, CATEGORY, DR)
values (1223271062, 'CRD2CSH', 'AG00000', 'Q', to_date('12-11-2019', 'dd-mm-yyyy'), 0, '810', 'READY4IFM', null, null, null, null, null, null, '|CT6:INCCKN|KN2:45|PO3:VIS', null, null, null, null, to_date('13-11-2019 02:00:00', 'dd-mm-yyyy hh24:mi:ss'), null, to_date('12-11-2019 10:12:00', 'dd-mm-yyyy hh24:mi:ss'), null, null, null, to_date('12-11-2019', 'dd-mm-yyyy'));

insert into qp$_ree_pay (REE_NUM, DB_ORG, CR_ORG, DTYPE, W_TIME, MONEY, CUR, STATUS, ASSIGN, DB_DOC_DATE, CR_DOC_DATE, DST_MONEY, DST_CUR, EXCHANGE_RATE, ADD_INFO, DB_BIN, DB_DOC_NUM, CR_DOC_NUM, FUNDS_RESERVED, END_REE_TIME, TX_CNT, BEGIN_REE_TIME, SUB_REE_NUM, LIMIT_ID, CATEGORY, DR)
values (1223271060, 'CRD2CSH', 'A000000', 'QC', to_date('12-11-2019', 'dd-mm-yyyy'), 0, '810', 'READY4IFM', null, null, null, null, null, null, '|CT6:INCCPR|KN2:70|RS3:RUS|PO3:VIS|WS7:CRD2CSH', null, null, null, null, to_date('12-11-2019 23:30:00', 'dd-mm-yyyy hh24:mi:ss'), null, to_date('12-11-2019 10:12:00', 'dd-mm-yyyy hh24:mi:ss'), null, null, null, to_date('12-11-2019', 'dd-mm-yyyy'));

insert into qp$_ree_pay (REE_NUM, DB_ORG, CR_ORG, DTYPE, W_TIME, MONEY, CUR, STATUS, ASSIGN, DB_DOC_DATE, CR_DOC_DATE, DST_MONEY, DST_CUR, EXCHANGE_RATE, ADD_INFO, DB_BIN, DB_DOC_NUM, CR_DOC_NUM, FUNDS_RESERVED, END_REE_TIME, TX_CNT, BEGIN_REE_TIME, SUB_REE_NUM, LIMIT_ID, CATEGORY, DR)
values (1223271854, 'CRD2CSH', 'A000000', 'QC', to_date('12-11-2019', 'dd-mm-yyyy'), 0, '810', 'READY4IFM', null, null, null, null, '840', '66.0934', '|CT6:INCCPR|KN2:70|RS3:RUS|PO3:VIS|WS7:CRD2CSH', null, null, null, null, to_date('12-11-2019 23:30:00', 'dd-mm-yyyy hh24:mi:ss'), null, to_date('12-11-2019 13:15:52', 'dd-mm-yyyy hh24:mi:ss'), null, null, null, to_date('12-11-2019', 'dd-mm-yyyy'));

insert into qp$_ree_pay (REE_NUM, DB_ORG, CR_ORG, DTYPE, W_TIME, MONEY, CUR, STATUS, ASSIGN, DB_DOC_DATE, CR_DOC_DATE, DST_MONEY, DST_CUR, EXCHANGE_RATE, ADD_INFO, DB_BIN, DB_DOC_NUM, CR_DOC_NUM, FUNDS_RESERVED, END_REE_TIME, TX_CNT, BEGIN_REE_TIME, SUB_REE_NUM, LIMIT_ID, CATEGORY, DR)
values (1223271879, 'A000000', 'ZKP2CRD', 'QC', to_date('13-11-2019', 'dd-mm-yyyy'), 0, '840', 'READY4IFM', null, null, null, null, '417', '69.278', '|CT6:OUORPR|KN3:850|RS3:RUS|OR7:ST00111|PR7:CRD2CSH|PT1:O|SY3:MPS', null, null, null, null, to_date('13-11-2019 03:30:00', 'dd-mm-yyyy hh24:mi:ss'), null, to_date('12-11-2019 13:48:27', 'dd-mm-yyyy hh24:mi:ss'), null, null, null, to_date('13-11-2019', 'dd-mm-yyyy'));

insert into qp$_ree_pay (REE_NUM, DB_ORG, CR_ORG, DTYPE, W_TIME, MONEY, CUR, STATUS, ASSIGN, DB_DOC_DATE, CR_DOC_DATE, DST_MONEY, DST_CUR, EXCHANGE_RATE, ADD_INFO, DB_BIN, DB_DOC_NUM, CR_DOC_NUM, FUNDS_RESERVED, END_REE_TIME, TX_CNT, BEGIN_REE_TIME, SUB_REE_NUM, LIMIT_ID, CATEGORY, DR)
values (1223271881, 'AG00000', 'ZKP2CRD', 'Q', to_date('12-11-2019', 'dd-mm-yyyy'), 0, '417', 'READY4IFM', null, null, null, null, null, null, '|CT6:OUORKR|KN3:851|DF8:13/11/19|NF10:1223271879|OR7:ST00111|PT1:O|SY3:MPS', null, null, null, null, to_date('13-11-2019 02:00:00', 'dd-mm-yyyy hh24:mi:ss'), null, to_date('12-11-2019 13:48:27', 'dd-mm-yyyy hh24:mi:ss'), null, null, null, to_date('12-11-2019', 'dd-mm-yyyy'));

insert into qp$_limit_showcase (LIMIT_TYPE, LIMIT_KEY, LIMIT_DATE, UIN, EXT_ID, AMOUNT)
values ('PAYEE_FROM_X_DIFFPAYER', 'ИВАНОВ КОНСТАНТИН_RUS|74324321111_RUS', to_date('12-11-2019 13:43:10', 'dd-mm-yyyy hh24:mi:ss'), 1250590302, 0, 1);

insert into qp$_limit_showcase (LIMIT_TYPE, LIMIT_KEY, LIMIT_DATE, UIN, EXT_ID, AMOUNT)
values ('PAYEE_FROM_X_DIFFPAYER', 'КИРГИЗ КИГУРЛИ_KGZ|ИВАНОВ КОНСТАНТИН_RUS', to_date('12-11-2019 13:45:58', 'dd-mm-yyyy hh24:mi:ss'), 1250590303, 0, 1);

insert into qp$_limit_showcase (LIMIT_TYPE, LIMIT_KEY, LIMIT_DATE, UIN, EXT_ID, AMOUNT)
values ('MONTHLY_BANK_PERSON_FULL_LIMIT_SEND_PAYEE', 'КИРГИЗ КИГУРЛИ_175', to_date('12-11-2019 13:45:58', 'dd-mm-yyyy hh24:mi:ss'), 1250590303, 0, 72414.96);

insert into qp$_limit_showcase (LIMIT_TYPE, LIMIT_KEY, LIMIT_DATE, UIN, EXT_ID, AMOUNT)
values ('MONTHLY_BANK_PERSON_FULL_LIMIT_SEND_PAYEE', 'ИВАНОВ КОНСТАНТИН_59', to_date('12-11-2019 13:43:11', 'dd-mm-yyyy hh24:mi:ss'), 1250590302, 0, 12300);

insert into qp$_limit_showcase (LIMIT_TYPE, LIMIT_KEY, LIMIT_DATE, UIN, EXT_ID, AMOUNT)
values ('EXCEED_DAY_WARN_SUMM', '74324321111', to_date('12-11-2019 13:43:11', 'dd-mm-yyyy hh24:mi:ss'), 1250590302, 0, 12300);

insert into qp$_limit_showcase (LIMIT_TYPE, LIMIT_KEY, LIMIT_DATE, UIN, EXT_ID, AMOUNT)
values ('QPAY_ONLINE_SEND_PAYEE_LIMITS', 'КИРГИЗ КИГУРЛИ_+74324321111', to_date('12-11-2019 13:45:58', 'dd-mm-yyyy hh24:mi:ss'), 1250590303, 0, 79312);

insert into qp$_limit_showcase (LIMIT_TYPE, LIMIT_KEY, LIMIT_DATE, UIN, EXT_ID, AMOUNT)
values ('QPAY_ONLINE_SEND_PAYEE_LIMITS', 'ИВАНОВ КОНСТАНТИН_+73213211111', to_date('12-11-2019 13:43:10', 'dd-mm-yyyy hh24:mi:ss'), 1250590302, 0, 12300);

insert into qp$_limit_showcase (LIMIT_TYPE, LIMIT_KEY, LIMIT_DATE, UIN, EXT_ID, AMOUNT)
values ('QPAY_ONLINE_SEND_PAYER_LIMITS', '74324321111', to_date('12-11-2019 13:43:10', 'dd-mm-yyyy hh24:mi:ss'), 1250590302, 0, 12300);

insert into qp$_limit_showcase (LIMIT_TYPE, LIMIT_KEY, LIMIT_DATE, UIN, EXT_ID, AMOUNT)
values ('QPAY_ONLINE_SEND_PAYER_LIMITS', '73213211111', to_date('12-11-2019 13:45:58', 'dd-mm-yyyy hh24:mi:ss'), 1250590303, 0, 79312);

insert into qp$_limit_showcase (LIMIT_TYPE, LIMIT_KEY, LIMIT_DATE, UIN, EXT_ID, AMOUNT)
values ('ONL_RCV_TO_CARD_SUM_$D', '74324321111_KGZ_0EA266E886EDA9AEEAC2D683F012E81E7E3F726F4D2FE8E06C0AB72978FB1B2A', to_date('12-11-2019 13:48:24', 'dd-mm-yyyy hh24:mi:ss'), 1250590303, 0, 79776);

insert into qp$_limit_showcase (LIMIT_TYPE, LIMIT_KEY, LIMIT_DATE, UIN, EXT_ID, AMOUNT)
values ('QPR_RES_840_LIMIT_WITHOUT_IDENT', 'ИВАНОВ КОНСТАНТИН|73213211111', to_date('12-11-2019 13:45:58', 'dd-mm-yyyy hh24:mi:ss'), 1250590303, 0, 79312);

insert into qp$_limit_showcase (LIMIT_TYPE, LIMIT_KEY, LIMIT_DATE, UIN, EXT_ID, AMOUNT)
values ('QPR_RES_840_LIMIT_ONLINE', 'ИВАНОВ КОНСТАНТИН|73213211111', to_date('12-11-2019 13:45:58', 'dd-mm-yyyy hh24:mi:ss'), 1250590303, 0, 79312);

insert into qp$_limit_showcase (LIMIT_TYPE, LIMIT_KEY, LIMIT_DATE, UIN, EXT_ID, AMOUNT)
values ('ONL_RCV_TO_CARD_CNT_$D', '74324321111_KGZ_0EA266E886EDA9AEEAC2D683F012E81E7E3F726F4D2FE8E06C0AB72978FB1B2A', to_date('12-11-2019 13:48:24', 'dd-mm-yyyy hh24:mi:ss'), 1250590303, 0, 1);

insert into qp$_limit_showcase (LIMIT_TYPE, LIMIT_KEY, LIMIT_DATE, UIN, EXT_ID, AMOUNT)
values ('TRANSFER_RUS_30D_PAYEE_ON_SEND_CNT_LMT', 'ИВАНОВ КОНСТАНТИН_73213211111||ИВАНОВ КОНСТАНТИН_59||ИВАНОВ КОНСТАНТИН_74324321111', to_date('12-11-2019 13:43:12', 'dd-mm-yyyy hh24:mi:ss'), 1250590302, 0, 1);

insert into qp$_limit_showcase (LIMIT_TYPE, LIMIT_KEY, LIMIT_DATE, UIN, EXT_ID, AMOUNT)
values ('TRANSFER_RUS_30D_PAYEE_ON_SEND_CNT_LMT', 'КИРГИЗ КИГУРЛИ_74324321111||КИРГИЗ КИГУРЛИ_175||КИРГИЗ КИГУРЛИ_ИВАНОВ КОНСТАНТИН', to_date('12-11-2019 13:45:59', 'dd-mm-yyyy hh24:mi:ss'), 1250590303, 0, 1);

insert into qp$_limit_showcase (LIMIT_TYPE, LIMIT_KEY, LIMIT_DATE, UIN, EXT_ID, AMOUNT)
values ('ONL_SEND_IN_$COUNTRY_30D_PAYER_LIMIT', '74324321111_RUS_RUS', to_date('12-11-2019 13:43:10', 'dd-mm-yyyy hh24:mi:ss'), 1250590302, 0, 12300);

insert into qp$_limit_showcase (LIMIT_TYPE, LIMIT_KEY, LIMIT_DATE, UIN, EXT_ID, AMOUNT)
values ('ONL_SEND_IN_$COUNTRY_30D_PAYER_LIMIT', '73213211111_RUS_KGZ', to_date('12-11-2019 13:45:58', 'dd-mm-yyyy hh24:mi:ss'), 1250590303, 0, 79312);

insert into qp$_limit_showcase (LIMIT_TYPE, LIMIT_KEY, LIMIT_DATE, UIN, EXT_ID, AMOUNT)
values ('ONL_SEND_IN_$COUNTRY_30D_CARD_LIMIT', '459535FAA370A3B5F8B87203B089623C7AEB9325ABF241EC8A685B9C325047A3_RUS_KGZ', to_date('12-11-2019 13:45:58', 'dd-mm-yyyy hh24:mi:ss'), 1250590303, 0, 79312);

insert into qp$_limit_showcase (LIMIT_TYPE, LIMIT_KEY, LIMIT_DATE, UIN, EXT_ID, AMOUNT)
values ('ONL_SEND_IN_$COUNTRY_PAYER_CNT_30D', '74324321111_RUS_RUS', to_date('12-11-2019 13:43:10', 'dd-mm-yyyy hh24:mi:ss'), 1250590302, 0, 1);

insert into qp$_limit_showcase (LIMIT_TYPE, LIMIT_KEY, LIMIT_DATE, UIN, EXT_ID, AMOUNT)
values ('DAILY_AGENT_PAYER', 'CRD2CSH', to_date('12-11-2019 13:43:12', 'dd-mm-yyyy hh24:mi:ss'), 1250590302, 0, 204);

insert into qp$_limit_showcase (LIMIT_TYPE, LIMIT_KEY, LIMIT_DATE, UIN, EXT_ID, AMOUNT)
values ('DAILY_AGENT_PAYER', 'CRD2CSH', to_date('12-11-2019 13:45:59', 'dd-mm-yyyy hh24:mi:ss'), 1250590303, 0, 1200);

insert into qp$_limit_showcase (LIMIT_TYPE, LIMIT_KEY, LIMIT_DATE, UIN, EXT_ID, AMOUNT)
values ('MONTH_SEND_LEG_LIMIT', 'CRD2CSH|ИВАНОВ КОНСТАНТИН;  ', to_date('12-11-2019 13:46:00', 'dd-mm-yyyy hh24:mi:ss'), 1250590303, 0, 72415);

insert into qp$_limit_showcase (LIMIT_TYPE, LIMIT_KEY, LIMIT_DATE, UIN, EXT_ID, AMOUNT)
values ('MONTH_SEND_LEG_LIMIT', 'CRD2CSH|+74324321111;  ', to_date('12-11-2019 13:43:13', 'dd-mm-yyyy hh24:mi:ss'), 1250590302, 0, 12300);

insert into qp$_limit_showcase (LIMIT_TYPE, LIMIT_KEY, LIMIT_DATE, UIN, EXT_ID, AMOUNT)
values ('MONTH_RECEIVE_LEG_LIMIT', 'KGZ2CR1|Киргиз Кигурли;  ', to_date('12-11-2019 13:48:26', 'dd-mm-yyyy hh24:mi:ss'), 1250590303, 0, 79852);

insert into qp$_limit_showcase (LIMIT_TYPE, LIMIT_KEY, LIMIT_DATE, UIN, EXT_ID, AMOUNT)
values ('DAILY_ONLINE_RCV_TO_CARD_SUM', '0EA266E886EDA9AEEAC2D683F012E81E7E3F726F4D2FE8E06C0AB72978FB1B2A', to_date('12-11-2019 13:48:24', 'dd-mm-yyyy hh24:mi:ss'), 1250590303, 0, 79776);

--Перевод в БЛР 2 месяца назад
insert into qp$_person (ID, EMAIL, FULLNAME, PAPER#, PHONE, COUNTRYISO, PAPER_CTYPE, PAPER_CNUMBER, PAPER_SERIALNUMBER, PAPER_ISSUER, PAPER_ISSUEDATE, PAPER_ISSUECITY, REGISTRATION, PAPER_ISSUERCODE, AGENT_PAYER, PERSON_TYPE, PAPER_EXPIRE_DATE, LASTNAME_LENGTH, FIRSTNAME_LENGTH, REGADDRESS, REGCOUNTRY, REGCITY, BIRTHDATE, CARD, REGADDRESS_ID, REGADDRESSLINE1_LENGTH, POSTALCODE, GENDER_ID)
values (546689539, null, 'БУЛЬБА ТАРАС', null, '+73213212222', 'XXX', null, null, null, null, null, null, null, null, null, 8, null, 6, 5, null, null, null, null, null, null, null, null, null);

insert into qp$_person (ID, EMAIL, FULLNAME, PAPER#, PHONE, COUNTRYISO, PAPER_CTYPE, PAPER_CNUMBER, PAPER_SERIALNUMBER, PAPER_ISSUER, PAPER_ISSUEDATE, PAPER_ISSUECITY, REGISTRATION, PAPER_ISSUERCODE, AGENT_PAYER, PERSON_TYPE, PAPER_EXPIRE_DATE, LASTNAME_LENGTH, FIRSTNAME_LENGTH, REGADDRESS, REGCOUNTRY, REGCITY, BIRTHDATE, CARD, REGADDRESS_ID, REGADDRESSLINE1_LENGTH, POSTALCODE, GENDER_ID)
values (546689538, null, 'Перевод по карте **4458', null, '+74324321111', 'XXX', null, null, null, null, null, null, null, null, 'CRD2BLR', 0, null, null, null, null, null, null, null, null, null, null, null, null);

insert into qp$_transfer (UIN, DTIME, MONEY, CUR, STATUS, NOT_AFTER, AGENT_PAYER, PAYER, AGENT_PAYEE, PAYEE, REAL_PAYEE, CCOM, TCOM, FCOM, COMCUR, MESSAGE, DB_PAYDOCID, DB_PAYDOCDATE, CR_PAYDOCID, CR_PAYDOCDATE, OPERATOR_ID, WTIME, RTIME, PTYPE, MCOM, CONTROL_QUESTION, CONTROL_ANSWER, LIMITS_PAYER, LIMITS_PAYEE, BANK_PAYER, DIRECTION_PAYEE, COUNTRY_ISO, NTIME, BANK_PAYEE, CITYID_PAYEE, PAYER_RESIDENT, PAYEE_RESIDENT, EXCHANGE_RATE, DST_CUR, DST_COMCUR, DST_AMOUNT, DST_FCOM, DST_CCOM, DST_MCOM, DST_TCOM, NOPERATOR_ID, ROPERATOR_ID, PAYER_CARD, OID, OUTER_SYSTEM, STAN, CASHIN_ID, PAYEE_CARD, TR_OPTION, SOPERATOR_ID, FCONTROL0, ACTION_ID, REF_NUM)
values (1250590323, to_date('12-07-2019 14:54:01', 'dd-mm-yyyy hh24:mi:ss'), 16000, '933', 4, to_date('11-07-2022 14:54:01', 'dd-mm-yyyy hh24:mi:ss'), 'CRD2BLR', 546689538, null, 546689539, null, 0, 0, 9000, null, null, '1', to_date('12-07-2019 14:54:01', 'dd-mm-yyyy hh24:mi:ss'), null, null, 1681, to_date('12-07-2019 14:54:01', 'dd-mm-yyyy hh24:mi:ss'), null, 'N', 0, null, null, null, null, 'CRD2BLR', 'QP$_RUS', 'RUS', to_date('12-07-2019 14:54:01', 'dd-mm-yyyy hh24:mi:ss'), null, 59, null, null, 0.032, '810', null, 500000, 281250, 0, 0, 0, 1681, null, null, null, null, null, null, null, null, 1681, 0, null, 907302953);

insert into qp$_transfer_data (UIN, TCOM_ON_SEND, CCOM_ON_SEND, EXCHANGE_RATE_ON_SEND, DST_CUR_ON_SEND, DST_COMCUR_ON_SEND, DST_AMOUNT, DST_FCOM_ON_SEND, DST_TCOM_ON_SEND, DST_CCOM_ON_SEND, DST_MCOM_ON_SEND, CLCOM, DST_CLCOM, OKCCOM, OKC_OUTCOM, OKC_TCOM, TRF_ID_FCOM_ON_SEND, TRF_ID_TCOM_ON_SEND, TRF_ID_CCOM_ON_SEND, TRF_ID_MCOM_ON_SEND, TRF_ID_CLCOM_ON_SEND, TRF_ID_TCOM_ON_RCV, MONEY, CUR_ON_SEND, FCOM_ON_SEND, MCOM_ON_SEND, TRANSACT_ID, CALC_COMISS_OUTER_SYSTEM, CUR_DM_ID_SEND, CUR_RATES_ID_SEND, CUR_RATES_KN_COEF_SEND, CUR_DM_ID_RECEIVE, CUR_RATES_ID_RECEIVE, CUR_RATES_KN_COEF_RECEIVE, PO_TYPE, CUR_CLIENT_CATEG_PAYER, CUR_CLIENT_CATEG_PAYEE, CONSUMER_CREDIT_LAW, AGENT_TRF_PLAN_ON_SEND, BASE_TARIFF_ON_SEND, IND_TARIFF_ON_SEND, AGENT_TRF_PLAN_ON_RECEIVE, BASE_TARIFF_ON_RECEIVE, IND_TARIFF_ON_RECEIVE, PREP_FEE_UIN, CUR_RATES_FIXED_ID_SEND, CUR_RATES_FIXED_ID_RECEIVE, PRODUCT_ID, CREDIT_BANK_ID, PAYEE_COM, TRF_ID_PAYEECOM_ON_RCV, AGENT_TRF_PLAN_ON_RCV_PRECALC, BASE_TARIFF_ON_RCV_PRECALC, IND_TARIFF_ON_RCV_PRECALC, UUID_ON_SEND, UUID_ON_RECEIVE, EXT_TARIFF_ON_RCV_PRECALC, DELAYED_RCV_IS_CONFIRMED, ARM_SEND_SCHEME, PAYMENT_PURPOSE_CODE)
values (1250590323, 0, 0, 0.032, '810', '810', 500000, 281250, 0, 0, 0, 0, 0, null, null, null, 1741, 1743, null, null, 1742, null, 16000, '933', 9000, 0, null, null, 3461, 237029, 0.988, null, null, null, null, 0, null, null, null, null, null, null, null, null, null, null, null, null, null, null, null, null, null, null, null, null, null, null, null, null);

insert into qp$_doc_pay (DOC_NUM, UIN, DB_ORG, CR_ORG, DTYPE, W_TIME, STATUS, CUR, MONEY, ADD_INFO, IFMTYPE, FUNDS_RESERVED, NEXT_DATE, DB_DOC_DATE, CR_DOC_DATE, TX_ID, RNKO_REE_NUM, RNKO_DOC_NUM, REE_NUM, DB_BIN, DST_CUR, DST_MONEY, EXCHANGE_RATE, DOC_SCENARIO_ID)
values (1223271983, 1250590323, 'ST00499', 'A000000', 'P', to_date('12-07-2019 14:54:01', 'dd-mm-yyyy hh24:mi:ss'), 'S', '933', 16000, '|CT6:INBNPR|KN2:60|DT10:12/11/2019|CS3:BLR|CR3:RUS|RS3:FAR|ID15:000001250590323|RE9:907302953|DQ10:12.11.2019|TC3:ONL|EE', 'QC', 1, to_date('12-07-2019 14:54:01', 'dd-mm-yyyy hh24:mi:ss'), null, null, 711115077, null, null, null, null, '810', 500000, '31.25', 1021);

insert into qp$_doc_pay (DOC_NUM, UIN, DB_ORG, CR_ORG, DTYPE, W_TIME, STATUS, CUR, MONEY, ADD_INFO, IFMTYPE, FUNDS_RESERVED, NEXT_DATE, DB_DOC_DATE, CR_DOC_DATE, TX_ID, RNKO_REE_NUM, RNKO_DOC_NUM, REE_NUM, DB_BIN, DST_CUR, DST_MONEY, EXCHANGE_RATE, DOC_SCENARIO_ID)
values (1223271985, 1250590323, 'AG00000', 'ST00499', 'C', to_date('12-07-2019 14:54:01', 'dd-mm-yyyy hh24:mi:ss'), 'S', '933', 9000, '|CT6:INDPSN|KN2:75|DT10:12/11/2019|CS3:BLR|CR3:RUS|RS3:FAR|ID15:000001250590323|RE9:907302953|DQ10:12.11.2019|TC3:ONL|EE', 'Q', 0, to_date('12-07-2019 14:54:01', 'dd-mm-yyyy hh24:mi:ss'), null, null, null, null, null, null, 'ST00499', null, null, null, 1021);

insert into qp$_limit_showcase (LIMIT_TYPE, LIMIT_KEY, LIMIT_DATE, UIN, EXT_ID, AMOUNT)
values ('PAYEE_FROM_X_DIFFPAYER', 'БУЛЬБА ТАРАС_RUS|74324321111_BLR', to_date('12-07-2019 14:53:56', 'dd-mm-yyyy hh24:mi:ss'), 1250590323, 0, 1);

insert into qp$_limit_showcase (LIMIT_TYPE, LIMIT_KEY, LIMIT_DATE, UIN, EXT_ID, AMOUNT)
values ('MONTHLY_BANK_PERSON_FULL_LIMIT_SEND_PAYEE', 'БУЛЬБА ТАРАС_59', to_date('12-07-2019 14:53:57', 'dd-mm-yyyy hh24:mi:ss'), 1250590323, 0, 500000);

insert into qp$_limit_showcase (LIMIT_TYPE, LIMIT_KEY, LIMIT_DATE, UIN, EXT_ID, AMOUNT)
values ('DAILY_AGENT_PAYER', 'CRD2BLR', to_date('12-07-2019 14:53:57', 'dd-mm-yyyy hh24:mi:ss'), 1250590323, 0, 8286);

insert into qp$_limit_showcase (LIMIT_TYPE, LIMIT_KEY, LIMIT_DATE, UIN, EXT_ID, AMOUNT)
values ('MONTH_SEND_LEG_LIMIT', 'CRD2BLR|+74324321111;  ', to_date('12-07-2019 14:54:02', 'dd-mm-yyyy hh24:mi:ss'), 1250590323, 0, 500000);

insert into qp$_limit_showcase (LIMIT_TYPE, LIMIT_KEY, LIMIT_DATE, UIN, EXT_ID, AMOUNT)
values ('QPAY_ONLINE_SEND_PAYER_LIMITS', '74324321111', to_date('12-07-2019 13:43:10', 'dd-mm-yyyy hh24:mi:ss'), 1250590323, 0, 500000);

commit;
end;